"""%s"" coupon code is not valid.","""%s"" coupon code is not valid."
"%s","%s"
"%s / %s rate:","%s / %s rate:"
"%s for %s","%s for %s"
"%s order(s) cannot be canceled","%s bestelling(en) kunnen niet geannuleerd worden"
"%s order(s) have been canceled.","%s bestelling(en) werden gannuleerd."
"%s order(s) have been put on hold.","%s bestelling(en) werden on hold gezet."
"%s order(s) have been released from holding status.","%s bestelling(en) werden uit hold status gehaald."
"%s order(s) were not put on hold.","%s bestelling(en) werden niet on hold gezet."
"%s order(s) were not released from holding status.","%s bestelling(en) werden niet uit hold status gehaald."
"* - Enter custom price excluding tax","* - Enter custom price excluding tax"
"* - Enter custom price including tax","* - Enter custom price including tax"
"* Required Fields","* Verplichte Velden"
"-- Please Select --","-- Selecteer --"
"-- Please Select Billing Agreement--","-- Please Select Billing Agreement--"
"About This Order:","Over deze bestelling:"
"About This Profile:","Over dit profiel:"
"About Your Invoice","Over je factuur"
"About Your Order","Over je bestelling"
"About Your Refund","Over je teruggave"
"About Your Shipment","Over je verzending"
"Accept Payment","Aanvaard betaling"
"Accept or Deny Payment","Aanvaard of weiger betaling"
"Account Information","Account Informatie"
"Action","Actie"
"Actions","Acties"
"Activate","Activeer"
"Active","Actief"
"Add","Voeg toe"
"Add New Address","Voeg nieuw adres toe"
"Add Order Comments","Voeg bestelling opmerking toe"
"Add Package","Voeg pakket toe"
"Add Products","Voeg product toe"
"Add Selected Product(s) to Option","Voeg geselecteerd(e) product(en) toe aan optie"
"Add Selected Product(s) to Order","Voeg geselecteerd(e) product(en) toe aan bestelling"
"Add Selected Product(s) to Package","Voeg geselecteerd(e) product(en) toe aan pakket"
"Add To Order","Voeg toe aan bestelling"
"Add Tracking Number","Voeg depot toe"
"Add comment to order","Voeg opmerking toe aan bestelling"
"Add new comment to credit memo","Voeg opmerking toe aan credit memo"
"Add new comment to shipment","Voeg opmerking toe aan verzending"
"Add new tracking number","Add new tracking number"
"Add to Cart","In winkelmand"
"Add To Cart","In winkelmand"
"Additional Product Info","Bijkomende product Info"
"Address","Adres"
"Address model is not defined.","Address model is not defined."
"Adjustment Fee","Adjustment Fee"
"Adjustment Refund","Adjustment Refund"
"Advanced Search","Uitgebreid zoeken"
"Agreement Information","Agreement Information"
"Allow Reorder","Allow Reorder"
"Allow","Aanvaard"
"Amount","Bedrag"
"Amount: %s.","Bedrag: %s."
"An error occurred while assigning order status. Status has not been assigned.","An error occurred while assigning order status. Status has not been assigned."
"An error occurred while creating shipping label.","An error occurred while creating shipping label."
"An error occurred while saving order status. The status has not been added.","An error occurred while saving order status. The status has not been added."
"An error occurred while unassigning order status.","An error occurred while unassigning order status."
"An error occurred while updating the order address. The address has not been changed.","An error occurred while updating the order address. The address has not been changed."
"An item option with code %s already exists.","An item option with code %s already exists."
"Anchor Custom Title","Anchor Custom Title"
"and","en"
"Append Comments","Voeg opmerking toe"
"Apply","Pas toe"
"Apply Coupon Code","Apply Coupon Code"
"Approved the payment online.","Approved the payment online."
"Are you sure you want to accept this payment?","Bent u zeker dat je deze betaling wil aanvaarden?"
"Are you sure you want to cancel this order?","Bent u zeker dat je deze bestelling wil annuleren?"
"Are you sure you want to delete all items from shopping cart?","Bent u zeker dat u all items uit de winkelmand wil verwijderen?"
"Are you sure you want to deny this payment?","Are you sure you want to deny this payment?"
"Are you sure you want to do this?","Bent u zeker dat u dit wil doen?"
"Are you sure you want to send Creditmemo email to customer?","Are you sure you want to send Creditmemo email to customer?"
"Are you sure you want to send Invoice email to customer?","Are you sure you want to send Invoice email to customer?"
"Are you sure you want to send Shipment email to customer?","Are you sure you want to send Shipment email to customer?"
"Are you sure you want to send order email to customer?","Are you sure you want to send order email to customer?"
"Are you sure you want to void the payment?","Are you sure you want to void the payment?"
"Are you sure?","Are you sure?"
"Are you sure? This order will be canceled and a new one will be created instead","Are you sure? This order will be canceled and a new one will be created instead"
"Assign Order Status to State","Assign Order Status to State"
"Assign Status to State","Assign Status to State"
"Assignment Information","Assignment Information"
"At least a payment ID must be set.","At least a payment ID must be set."
"Authorization","Authorization"
"Authorized amount of %s.","Authorized amount of %s."
"Authorizing amount of %s is pending approval on gateway.","Authorizing amount of %s is pending approval on gateway."
"Back to Billing Agreements","Back to Billing Agreements"
"Back to My Orders","Terug naar Mijn Bestellingen"
"Back to Recurring Profiles","Back to Recurring Profiles"
"Backordered","Nabestellingen"
"Bestsellers","Bestsellers"
"Bill to Name","Factureer aan Naam"
"Billing","Facturatie"
"Billing Address","Factuuradres"
"Billing Agreement","Billing Agreement"
"Billing Agreement # %s","Billing Agreement # %s"
"Billing Agreement #%s","Billing Agreement #%s"
"Billing Agreement View","Betaalovereenkomst View"
"Billing Agreements","Betaalovereenkomsten"
"Billing Last Name","Facturatie Naam"
"Billing ZIP Code","Facturatie Postcode"
"Browse by","Zoek op"
"Buy %s for price %s","Koop %s voor prijs %s"
"CSV","CSV"
"Cancel","Annuleer"
"Cancel credit memo","Annuleer credit memo"
"Cancel invoice","Annuleer factuur"
"Cancel order","Annuleer bestelling"
"Canceled","Geannuleerd"
"Canceled order offline.","Canceled order offline."
"Canceled order online.","Canceled order online."
"Cannot add order history.","Cannot add order history."
"Cannot create an empty shipment.","Cannot create an empty shipment."
"Cannot determine the field name.","Cannot determine the field name."
"Cannot do invoice for order.","Cannot do invoice for order."
"Cannot do shipment for order.","Cannot do shipment for order."
"Cannot get order instance","Cannot get order instance"
"Cannot get the order instance.","Cannot get the order instance."
"Cannot register an existing credit memo.","Cannot register an existing credit memo."
"Cannot register existing invoice","Cannot register existing invoice"
"Cannot register existing shipment","Cannot register existing shipment"
"Capture","Capture"
"Capture Amount","Capture Amount"
"Capture Offline","Capture Offline"
"Capture Online","Capture Online"
"Capture invoice","Capture invoice"
"Captured amount of %s online.","Captured amount of %s online."
"Capturing amount of %s is pending approval on gateway.","Capturing amount of %s is pending approval on gateway."
"Carrier","Carrier"
"Carrier/Method","Carrier/Method"
"Change status, add comments","Change status, add comments"
"Changing address information will not recalculate shipping, tax or other order amount.","Changing address information will not recalculate shipping, tax or other order amount."
"Checkout Totals Sort Order","Checkout Totals Sort Order"
"City","Woonplaats"
"Clear Shopping Cart","Maak Winkelmand Leeg"
"Click to change shipping method","Klik om verzendwijze aan te passen"
"Close","Sluit"
"Close Window","Sluit scherm"
"Closed","Gesloten"
"Comma-separated.","Comma-separated."
"Comment","Opmerking"
"Comment Text","Opmerking Tekst"
"Comments","Opmerkingen"
"Comments History","Opmerkingen Historiek"
"Compare","Vergelijk"
"Compare products","Vergelijk producten"
"Company","Bedrijf"
"Complete","Volledig"
"Configure","Configureer"
"Configure and Add to Order","Configureer en voeg toe aan bestelling"
"Contents","Inhoud"
"Controls whether customer IP is shown in orders, invoices, shipments, credit memos.","Controls whether customer IP is shown in orders, invoices, shipments, credit memos."
"Country","Land"
"Coupons","Coupons"
"Create","Maak aan"
"Create New Customer","Maak nieuwe klant aan"
"New Here?","Nieuw?"
"Create New Order","Maak nieuwe bestelling aan"
"Create New Order Status","Create New Order Status"
"Create New Order for %s","Create New Order for %s"
"Create New Order for %s in %s","Create New Order for %s in %s"
"Create New Order for New Customer","Create New Order for New Customer"
"Create New Order for New Customer in %s","Create New Order for New Customer in %s"
"Create New Status","Create New Status"
"Create Packages","Create Packages"
"Create Shipment","Create Shipment"
"Create Shipping Label","Create Shipping Label"
"Create Shipping Label...","Create Shipping Label..."
"Create new credit memo for order","Create new credit memo for order"
"Create new invoice for order","Create new invoice for order"
"Create new shipment for order","Create new shipment for order"
"Create...","Maak aan..."
"Created At","Aangemaakt op"
"Created billing agreement #%s.","Created billing agreement #%s."
"Created:","Aangemaakt:"
"Credit Memo","Credit Memo"
"Credit Memo #","Credit Memo #"
"Credit Memo # ","Credit Memo # "
"Credit Memo #%1$s | %3$s | %2$s (%4$s)","Credit Memo #%1$s | %3$s | %2$s (%4$s)"
"Credit Memo Comment Email Sender","Credit Memo Comment Email Sender"
"Credit Memo Comment Email Template","Credit Memo Comment Email Template"
"Credit Memo Comment Email Template for Guest","Credit Memo Comment Email Template for Guest"
"Credit Memo Comments","Credit Memo Opmerkingen"
"Credit Memo Email Sender","Credit Memo Email Sender"
"Credit Memo Email Template","Credit Memo Email Template"
"Credit Memo Email Template for Guest","Credit Memo Email Template for Guest"
"Credit Memo Update","Credit Memo Update"
"Credit Memo Update for Guest","Credit Memo Update for Guest"
"Credit Memos","Credit Memos"
"Credit memo canceling problem.","Credit memo canceling problem."
"Credit memo cannot be canceled.","Credit memo cannot be canceled."
"Credit memo has been created automatically","Credit memo has been created automatically"
"Custom Price","Aangepaste Prijs"
"Custom Value","Custom Value"
"Customer","Klant"
"Customer Can Define Start Date","Customer Can Define Start Date"
"Customer Email","Klant Email"
"Customer Group","Customer Group"
"Customer Last Name","Klant Naam"
"Customer My Account Order Creditmemo View","Klant Mijn Account Bestelling Creditmemo View"
"Customer My Account Order History","Klant Mijn Account Bestelling Historiek"
"Customer My Account Order Invoice View","Klant Mijn Account Bestelling Factuur View"
"Customer My Account Order Shipment View","Klant Mijn Account Bestelling Verzending View"
"Customer My Account Order View","Klant Mijn Account Bestelling View"
"Customer Name","Klant Naam"
"Customer\'s Current Activities","Klant\'s Huidige Activiteiten"
"Customs Value","Customs Value"
"Date","Datum"
"Date of birth","Geboortedatum"
"Date Shipped","Datum Verzonden"
"Default Status","Default Status"
"Default Template","Default Template"
"Default logo, will be used in PDF and HTML documents.<br />(jpeg, tiff, png) If you see image distortion in PDF, try to use larger image","Default logo, will be used in PDF and HTML documents.<br />(jpeg, tiff, png) If you see image distortion in PDF, try to use larger image"
"Delete","Verwijder"
"Delete Package","Delete Package"
"Denied the payment online.","Denied the payment online."
"Deny Payment","Deny Payment"
"Description Message","Omschrijving boodschap"
"Discount","Korting"
"Discount (%s)","Korting (%s)"
"Discount Amount","Kortings Bedrag"
"Display Order ID in Header","Display Order ID in Header"
"Edit Order #%s","Edit Order #%s"
"Edit Order %s %s Address","Edit Order %s %s Address"
"Edit Order Status","Edit Order Status"
"Email","Email"
"Email Address","Email Adres"
"Email Copy of Credit Memo","Email Copy of Credit Memo"
"Email Copy of Invoice","Email Copy of Invoice"
"Email Copy of Shipment","Email Copy of Shipment"
"Email Order Confirmation","Email Bestellingsbevestiging"
"Enable","Enable"
"Enabled","Enabled"
"Enter the billing last name and email/ZIP as in the order billing address","Voer facturatie naam en postcode zoals in het factuuradres van de bestelling"
"Entered data is incorrect. Please try again.","Ingevoerde gegevens zijn niet juist. Gelieve opnieuw te proberen."
"Error to Show in Shopping Cart","Error to Show in Shopping Cart"
"Excel XML","Excel XML"
"Excl. Tax","Excl. Tax"
"Expired","Expired"
"Explanation","Explanation"
"Failed to cancel the billing agreement.","Failed to cancel the billing agreement."
"Failed to create billing agreement for this order.","Failed to create billing agreement for this order."
"Failed to finish billing agreement wizard.","Failed to finish billing agreement wizard."
"Failed to send the order email.","Failed to send the order email."
"Failed to start billing agreement wizard.","Failed to start billing agreement wizard."
"Failed to update the payment.","Failed to update the payment."
"Failed to update the profile.","Failed to update the profile."
"Failed to void the payment.","Failed to void the payment."
"Faster checkout","Sneller kopen"
"Fetch","Fetch"
"File extension not known or unsupported type in the following shipment: %s","File extension not known or unsupported type in the following shipment: %s"
"Find Order By:","Find Order By:"
"First Name","Voornaam"
"From","From"
"From Name","From Name"
"From:","From:"
"G.T. (Base)","G.T. (Base)"
"G.T. (Purchased)","G.T. (Purchased)"
"General","Algemeen"
"General Information","Algemene Informatie"
"Get Payment Update","Get Payment Update"
"Get Update","Update"
"Get shipping methods and rates","Bekijk verzendwijzen en tarieven"
"Gift Message","Gift Message"
"Gift Message for This Order","Gift Message for This Order"
"Gift Message for the Entire Order","Gift Message for the Entire Order"
"Gift Message for this Order","Gift Message for this Order"
"Gift Options","Gift Options"
"Girth","Girth"
"Go to Home Page","Naar de Home Pagina"
"Grand Total","Totaal"
"Grand Total to be Charged","Aan te rekenen Totaal"
"Grand Total Excl. Tax","Totaal Excl. Btw"
"Grand Total Excl.","Totaal Excl."
"Grand Total (Excl.Tax)","Totaal (Excl.Btw)"
"Grand Total (Excl. Tax)","Totaal (Excl.Btw)"
"Grand Total Incl. Tax","Totaal Incl. Btw"
"Grand Total (Incl.Tax)","Totaal (Incl.Btw)"
"Grand Total (Incl. Tax)","Totaal (Incl.Btw)"
"Guest","Gast"
"Height","Hoogte"
"here","hier"
"Hide Customer IP","Hide Customer IP"
"Hold","Hold"
"Hold action is not available.","Hold action is not available."
"Hold order","Hold order"
"Home","Home"
"ID","ID"
"ID #","ID #"
"If empty, the default description above will be used.","If empty, the default description above will be used."
"If empty, the default error above will be used.","If empty, the default error above will be used."
"If the invoice was created offline, try creating an offline creditmemo.","If the invoice was created offline, try creating an offline creditmemo."
"Incl. Tax","Incl. BTW"
"Information","Informatie"
"Initial Fee","Initial Fee"
"Initial Fees","Initial Fees"
"Initial period payment","Initial period payment"
"Insufficient information to create shipping label(s). Please verify your Store Information and Shipping Settings.","Insufficient information to create shipping label(s). Please verify your Store Information and Shipping Settings."
"Invalid block: %s.","Invalid block: %s."
"Invalid carrier specified.","Invalid carrier specified."
"Invalid draw line data. Please define ""lines"" array.","Invalid draw line data. Please define ""lines"" array."
"Invalid entity model","Invalid entity model"
"Invalid item option format.","Invalid item option format."
"Invalid qty to invoice item ""%s""","Invalid qty to invoice item ""%s"""
"Invalid qty to refund item ""%s""","Invalid qty to refund item ""%s"""
"Invalid qty to ship for item ""%s""","Invalid qty to ship for item ""%s"""
"Invalid renderer model","Invalid renderer model"
"Invalid request for adding product to quote.","Invalid request for adding product to quote."
"Invalid value(s) for Qty to Ship","Invalid value(s) for Qty to Ship"
"Invoice","Factuur"
"Invoice #","Factuur #"
"Invoice # ","Factuur # "
"Invoice #%1$s | %2$s | %4$s (%3$s)","Factuur #%1$s | %2$s | %4$s (%3$s)"
"Invoice #%s","Factuur #%s"
"Invoice Comment Email Sender","Invoice Comment Email Sender"
"Invoice Comment Email Template","Invoice Comment Email Template"
"Invoice Comment Email Template for Guest","Invoice Comment Email Template for Guest"
"Invoice Comments","Factuur Opmerkingen"
"Invoice Date","Factuurdatum"
"Invoice Date ","Factuurdatum "
"Invoice Date: ","Factuurdatum: "
"Invoice Email Sender","Factuur Email Afzender"
"Invoice Email Template","Invoice Email Template"
"Invoice Email Template for Guest","Invoice Email Template for Guest"
"Invoice Update","Factuur Update"
"Invoice Update for Guest","Invoice Update for Guest"
"Invoice and Packing Slip Design","Invoice and Packing Slip Design"
"Invoice and Ship","Factuur en Verzending"
"Invoice canceling problem.","Invoice canceling problem."
"Invoice cannot be canceled.","Invoice cannot be canceled."
"Invoice cannot be captured.","Invoice cannot be captured."
"Invoice cannot be voided.","Invoice cannot be voided."
"Invoice capturing problem.","Invoice capturing problem."
"Invoice void problem","Invoice void problem"
"Invoice will be created without communication with payment gateway.","Invoice will be created without communication with payment gateway."
"Invoiced","Gefactureerd"
"Invoiced:","Gefactureerd:"
"Invoices","Facturen"
"Is Closed","Is Gesloten"
"Item","Item"
"Item Status","Item Status"
"Item object is not specified.","Item object is not specified."
"Item options declaration error.","Item options declaration error."
"Item ordered qty","Item bestelde hoeveelheid"
"Item qty declaration error.","Item qty declaration error."
"Items","Items"
"Items in your order","Bestelde items"
"Item in your order","Bestelde item"
"Items Invoiced","Gefactureerde Items"
"Items Ordered","Gefactureerde Items"
"Items Refunded","Terugbetaalde Items"
"Items Shipped","Verzondden Items"
"Items in the Package","Items in het pakket"
"Items maximum quantity or price do not allow checkout.","Items maximum hoeveelheid of prijs laat geen checkout toe."
"Items options declaration error.","Items options declaration error."
"Items to Refund","Terug te betalen Items"
"Items to Ship","Te Verzenden Items"
"Key","Key"
"Last Name","Naam"
"Last Ordered Items","Laatst Bestelde Items"
"Last status can\'t be unassigned from state.","Last status can\'t be unassigned from state."
"Length","Lengte"
"Link to the New Order","Link naar nieuwe Bestelling"
"Link to the Previous Order","Link naar vorige Bestelling"
"Logo for HTML Print View","Logo for HTML Print View"
"Logo for HTML documents only. If empty, default will be used.<br />(jpeg, gif, png)","Logo for HTML documents only. If empty, default will be used.<br />(jpeg, gif, png)"
"Logo for PDF Print-outs (200x50)","Logo for PDF Print-outs (200x50)"
"Make Check payable to:","Make Check payable to:"
"Manage","Beheer"
"Maximum amount available to refund is %s","Maximum amount available to refund is %s"
"Maximum shipping amount allowed to refund is: %s","Maximum shipping amount allowed to refund is: %s"
"Message","Boodschap"
"Message:","Boodschap:"
"Minimum Amount","Minimum Bedrag"
"Minimum Order Amount","Minimum Bestel Bedrag"
"Mixed","Gemengd"
"Most Viewed","Meest bekeken"
"Most Viewed Products Report","Most Viewed Products Report"
"Move to Shopping Cart","Plaat in winkelmand"
"Move to Wishlist","Plaats op Wenslijst"
"Multi-address Description Message","Multi-address Description Message"
"Multi-address Error to Show in Shopping Cart","Multi-address Error to Show in Shopping Cart"
"My Orders","Mijn Bestellingen"
"My Orders - Details","Mijn Bestellingen - Details"
"N/A","N/A"
"Name","Naam"
"New","Nieuw"
"New Billing Agreement","New Billing Agreement"
"New Credit Memo","New Credit Memo"
"New Credit Memo for Guest","New Credit Memo for Guest"
"New Credit Memo for Invoice #%s","New Credit Memo for Invoice #%s"
"New Credit Memo for Order #%s","New Credit Memo for Order #%s"
"New Invoice","New Invoice"
"New Invoice and Shipment for Order #%s","New Invoice and Shipment for Order #%s"
"New Invoice for Guest","New Invoice for Guest"
"New Invoice for Order #%s","New Invoice for Order #%s"
"New Order","New Order"
"New Order Confirmation Email Sender","New Order Confirmation Email Sender"
"New Order Confirmation Template","New Order Confirmation Template"
"New Order Confirmation Template for Guest","New Order Confirmation Template for Guest"
"New Order RSS","New Order RSS"
"New Order Status","New Order Status"
"New Order for Guest","New Order for Guest"
"New Shipment","New Shipment"
"New Shipment for Guest","New Shipment for Guest"
"New Shipment for Order #%s","New Shipment for Order #%s"
"Newsletter Subscription","Newsletter Subscription"
"No","Neen"
"No Items","Geen Items"
"No Items To Refund","No Items To Refund"
"No Payment Methods","Geen Betaalwijzen"
"No detail for number ""%s""","Geen details voor nummer ""%s"""
"No information available.","Geen info beschikbaar."
"No items","Geen items"
"No order(s) were put on hold.","No order(s) were put on hold."
"No order(s) were released from holding status.","No order(s) were released from holding status."
"No ordered items","Geen bestelde items"
"No shipping information available","Geen verzendinformatie beschikbaar"
"Nominal Items","Nominal Items"
"Nominal item can be purchased standalone only. To proceed please remove other items from the quote.","Nominal item can be purchased standalone only. To proceed please remove other items from the quote."
"Nominal order registered.","Nominal order registered."
"Not Capture","Not Capture"
"Not Initialized","Not Initialized"
"Not Notified","Niet Verwittigd"
"Not enough valid data to save the parent transaction ID.","Not enough valid data to save the parent transaction ID."
"Notification Not Applicable","Verwittiging niet van toepassing"
"Notified","Verwittigd"
"Notify Customer by Email","Verwittig klant via Email"
"Number","Aantal"
"Number of Invoiced Orders","Aantal gefactureerdde bestellingen"
"Number of Orders","Aantal bestellingen"
"Number of Refunded Orders","Aantal terugbetaalde bestellingen"
"OK","OK"
"Offline Refunded","Offline Refunded"
"of %d pages","van %d pagina\'s"
"of %s pages","of %s pages"
"On Hold","On Hold"
"Online Refunded","Online Refunded"
"Order","Bestelling"
"Order #","Bestelling #"
"Order # ","Bestelling # "
"Order # %s","Bestelling # %s"
"Order # %s %s | %s","Bestelling # %s %s | %s"
"Order #%s","Bestelling #%s"
"Order #%s - %s","Bestelling #%s - %s"
"Order API","Order API"
"Order Address Information","Besteladres Informatie"
"Order Comment","Bestel Opmerking"
"Order Comment Email Sender","Bestel Opmerking Email Sender"
"Order Comment Email Template","Bestel Opmerking Email Template"
"Order Comment Email Template for Guest","Order Comment Email Template for Guest"
"Order Comments","Bestel Opmerkingen"
"Order Credit Memos","Bestel Credit Memos"
"Order Currency:","Bestel Munteenheid:"
"Order Date","Besteldatum"
"Order Date (%s)","Besteldatum (%s)"
"Order Date: ","Besteldatum: "
"Order Date: %s","Besteldatum: %s"
"Order Details","Bestel Details"
"Order  Total","Totaal Bestelling"
"Order History","Bestel Historiek"
"Order History Info","Bestel Historiek Info"
"Order ID","Bestelling ID"
"Order Information","Bestel Informatie"
"Order Invoices","Bestel Facturen"
"Order Shipments","Bestel Verzendingen"
"Order State","Bestel Status"
"Order Status","Bestel Status"
"Order Status Information","Bestel Status Informatie"
"Order Statuses","Bestel Statusen"
"Order Subtotal","Bestel Subtotaal"
"Order Taxes Report Grouped by Tax Rates","Bestelling BTW Report Gegroepeerd per BTW Rates"
"Order Total","Bestelling Totaal"
"Order Totals","Bestelling Totalen"
"Order Update","Bestelling Update"
"Order Update for Guest","Order Update for Guest"
"Order View","Bestel Overzicht"
"Order credit memo","Bestelling credit memo"
"Order does not allow to be canceled.","Bestelling kan niet geannuleerd worden."
"Order invoice","Bestel Factuur"
"Order is suspended as its authorizing amount %s is suspected to be fraudulent.","Order is suspended as its authorizing amount %s is suspected to be fraudulent."
"Order is suspended as its capture amount %s is suspected to be fraudulent.","Order is suspended as its capture amount %s is suspected to be fraudulent."
"Order object is not specified.","Order object is not specified."
"Order saving error: %s","Bestelling bewaar error: %s"
"Order shipments","Bestel Verzendingen"
"Order status does not exist.","Order status does not exist."
"Order status with the same status code already exist.","Order status with the same status code already exist."
"Order was placed using %s","Bestelling werd geplaatst in %s"
"Ordered","Besteld"
"Ordered amount of %s.","Ordered amount of %s."
"Ordering amount of %s is pending approval on gateway.","Ordering amount of %s is pending approval on gateway."
"Orders","Bestellingen"
"Orders and Returns","Bestellingen en Retour"
"Orders and Returns Search Form","Bestelling en Retour zoek formulier"
"Original Price","Oorspronkelijke Prijs"
"Original order item that recurring payment profile correspondss to.","Original order item that recurring payment profile correspondss to."
"PDF Credit Memos","PDF Credit Memos"
"PDF Invoices","PDF Invoices"
"PDF Packingslips","PDF Packingslips"
"PDF Print-outs","PDF Print-outs"
"PDF object is not specified.","PDF object is not specified."
"PDF page object is not specified.","PDF page object is not specified."
"PDF total model should extend Mage_Sales_Model_Order_Pdf_Total_Default","PDF total model should extend Mage_Sales_Model_Order_Pdf_Total_Default"
"Package","Pakket"
"Package types are disregarded for USPS domestic shipments.","Package types are disregarded for USPS domestic shipments."
"Packages","Pakketten"
"Packingslip # ","Packingslip # "
"Paid","Betaald"
"Paid Amount","Betaald Bedrag"
"Page","Pagina"
"Pages","Pagina\'s"
"Page ""%s"" of %d pages","Pagina ""%s"" van %d pagina\'s"
"Parent Transaction ID","Parent Transaction ID"
"Parent transaction ID must have a transaction ID.","Parent transaction ID must have a transaction ID."
"Partial","Gedeeltelijk"
"Payment Failed","Payment Failed"
"Payment Information","Betaal Informatie"
"Payment Method","Betaalwijze"
"Payment Method Name","Betaalwijze Naam"
"Payment Method:","Betaalwijze:"
"Payment Review","Betaal Review"
"Payment disallow storing objects.","Payment disallow storing objects."
"Payment transactions disallow storing objects.","Payment transactions disallow storing objects."
"Payment type","Betaal type"
"Payment update has been made.","Er werd een betalingsupdate uitgevoerd."
"Pending","Wachtende"
"Pending Payment","Wachtende betaling"
"Period","Periode"
"Place Order Using Billing Agreements","Place Order Using Billing Agreements"
"Placed from IP","Geplaatst door IP"
"Please Select Products to Add","Selecteer een product om toe te voegen"
"Please Select a Customer","Selecteer een klant"
"Please Select a Store","Please Select a Store"
"Please check billing address information. %s","Controleer factuuradres info. %s"
"Please check shipping address information. %s","Controleer Leveringsadres info. %s"
"Please define PDF object before using.","Please define PDF object before using."
"Please enter positive number in this field.","Voer een positieve waarde in voor dit veld."
"Please enter the following information to create your account.","Gelieve volgende gegevens in te geven om je account aan te maken."
"Please select a valid payment method.","Selecteer een geldige betaalwijze."
"Please specify a shipping method.","Selecteer een verzendwijze."
"Please specify a valid grid column alias name that exists in grid table.","Please specify a valid grid column alias name that exists in grid table."
"Popular Search Terms","Populaire Zoektermen"
"Price","Prijs"
"Print","Druk Af"
"Print All","Druk Alles Af"
"Print All Invoices","Print Alle Facturen"
"Print All Refunds","Print Alle Refunds"
"Print All Shipments","Print Alle Verzendingen"
"Print Credit Memos","Print Credit Memos"
"Print Invoice","Print Factuur"
"Print Invoices","Print Facturen"
"Print Order","Print Bestelling"
"Print Order # %s","Print Bestelling # %s"
"Print Packingslips","Print Packingslips"
"Print Refund","Print Refund"
"Print Shipment","Print Verzending"
"Print Shipping Label","Print Shipping Label"
"Print Shipping Labels","Print Shipping Labels"
"Processing","Wordt Verwerkt"
"Product","Product"
"Product Name","Product Naam"
"Products","Producten"
"Products Bestsellers Report","Products Bestsellers Report"
"Products in Comparison List","Producten in Vergelijk Lijst"
"Products should be added to package(s)","Products should be added to package(s)"
"Profile #%s","Profile #%s"
"Profile Information","Profile Information"
"Profile State","Profile State"
"Profit","Profit"
"Promotion Coupons Usage Report","Promotion Coupons Usage Report"
"Proper payment object must be set.","Proper payment object must be set."
"Purchase Order Number:","Aankoop bestelling nummer:"
"Purchased From","Aankoop Van"
"Purchased From (Store)","Aankoop Van (Winkel)"
"Purchased Item","Aangekocht Item"
"Purchased On","Aangekocht Op"
"Qty","Aantal"
"Qty Invoiced","Aantal Gefactureerd"
"Qty Ordered","Aantal Besteld"
"Qty Shipped","Aantal Verzonden"
"Qty To Add","Aantal toe te voegen"
"Qty to Add","Aantal toe te voegen"
"Qty to Invoice","Aantal te Factureren"
"Qty to Refund","Aantal terug te betalen"
"Qty to Ship","Aantal te verzenden"
"Quantity Ordered","Aantal Besteld"
"Quote item id is not received.","Quote item id is not received."
"Quote item is not loaded.","Quote item is not loaded."
"Rate","Tarief"
"Recent Orders","Recente Bestellingen"
"Recently Compared Products","Recent Vergeleken producten"
"Recently Viewed","Recent Bekeken"
"Recurring Profile # %s","Recurring Profile # %s"
"Recurring Profile Initial Fee","Recurring Profile Initial Fee"
"Recurring Profiles","Recurring Profiles"
"Recurring Profiles (beta)","Recurring Profiles (beta)"
"Reference ID","Referentie ID"
"Reference ID:","Referentie ID:"
"Refresh","Vernieuw"
"Refund","Terugbetaling"
"Refund #","Terugbetaling #"
"Refund #%s","Terugbetaling #%s"
"Refund Amount","Terugbetaling Bedrag"
"Refund Offline","Terugbetaling Offline"
"Refund Shipping","Terugbetaling Verzending"
"Refund Shipping (Excl. Tax)","Terugbetaling Verzending (Excl. BTW)"
"Refund Shipping (Incl. Tax)","Terugbetaling Verzending (Incl. BTW)"
"Refund Totals","Terugbetaling Totalen"
"Refunded","Terugbetaald"
"Refunded amount of %s offline.","Terugbetaald bedrag %s offline."
"Refunded amount of %s online.","Terugbetaald bedrag %s online."
"Refunds","Terugbetalingen"
"Registered a Void notification.","Registered a Void notification."
"Registered notification about approved payment.","Registered notification about approved payment."
"Registered notification about captured amount of %s.","Registered notification about captured amount of %s."
"Registered notification about denied payment.","Registered notification about denied payment."
"Registered notification about refunded amount of %s.","Registered notification about refunded amount of %s."
"Registered update about approved payment.","Registered update about approved payment."
"Registered update about denied payment.","Registered update about denied payment."
"Registration is free and easy!","Registratie is gratis en eenvoudig!"
"Regular Payment","Regular Payment"
"Related Orders","Related Orders"
"Remove","Verwijder"
"Remove Coupon Code","Remove Coupon Code"
"Remove tracking number","Remove tracking number"
"Reorder","Bestel Opnieuw"
"Retrieve credit memo info","Retrieve credit memo info"
"Retrieve credit memo information","Retrieve credit memo information"
"Retrieve credit memo list","Retrieve credit memo list"
"Retrieve invoice info","Bekijk factuur info"
"Retrieve invoice information","Bekijk factuur informatie"
"Retrieve list of credit memos by filters","Retrieve list of credit memos by filters"
"Retrieve list of invoices by filters","Retrieve list of invoices by filters"
"Retrieve list of orders by filters","Retrieve list of orders by filters"
"Retrieve list of shipments by filters","Retrieve list of shipments by filters"
"Retrieve order information","Bekijk bestel informatie"
"Retrieve orders info","Bekijk bestel info"
"Retrieve shipment info","Bekijk Verzend info"
"Retrieve shipment information","Bekijk Verzend informatie"
"Return to Stock","Return to Stock"
"Returned","Returned"
"Returns","Returns"
"Revenue","Revenue"
"Row Subtotal","Row Subtotal"
"Row Total","Rij Totaal"
"SKU","PCode"
"Sales","Sales"
"Sales Discount","Sales Discount"
"Sales Emails","Sales Emails"
"Sales Emails Section","Sales Emails Section"
"Sales Invoice Print View","Sales Invoice Print View"
"Sales Items","Sales Items"
"Sales Order Print View","Sales Order Print View"
"Sales Section","Sales Section"
"Sales Shipment Print View","Sales Shipment Print View"
"Sales Shipping","Sales Shipping"
"Sales Tax","Sales Tax"
"Sales Total","Sales Total"
"Same As Billing Address","Zelfde als factuuradres"
"Save Order Address","Bewaar Bestel Adres"
"Save Status","Save Status"
"Save Status Assignment","Save Status Assignment"
"Save in address book","Bewaar in adresboek"
"Save multiple shipping addresses","Meerdere verzendadressen opslaan"
"Schedule","Schedule"
"Site Map","Overzicht site"
"Search","Zoek"
"Search Terms","Zoektermen"
"Search entire store here...","Zoek..."
"Search entire store here","Zoek"
"Select","Selecteer"
"Select All","Selecteer Alles"
"Select from existing customer addresses:","Selecteer uit bestaande klant adressen:"
"Selected option(s) or their combination is not currently available.","Selected option(s) or their combination is not currently available."
"Send Credit Memo Comment Email Copy To","Send Credit Memo Comment Email Copy To"
"Send Credit Memo Comments Email Copy Method","Send Credit Memo Comments Email Copy Method"
"Send Credit Memo Email Copy Method","Send Credit Memo Email Copy Method"
"Send Credit Memo Email Copy To","Send Credit Memo Email Copy To"
"Send Email","Verzend Email"
"Send Invoice Comment Email Copy To","Send Invoice Comment Email Copy To"
"Send Invoice Comments Email Copy Method","Send Invoice Comments Email Copy Method"
"Send Invoice Email Copy Method","Send Invoice Email Copy Method"
"Send Invoice Email Copy To","Send Invoice Email Copy To"
"Send Order Comment Email Copy To","Send Order Comment Email Copy To"
"Send Order Comments Email Copy Method","Send Order Comments Email Copy Method"
"Send Order Email","Send Order Email"
"Send Order Email Copy Method","Send Order Email Copy Method"
"Send Order Email Copy To","Send Order Email Copy To"
"Send Sales Emails","Send Sales Emails"
"Send Shipment Comment Email Copy To","Send Shipment Comment Email Copy To"
"Send Shipment Comments Email Copy Method","Send Shipment Comments Email Copy Method"
"Send Shipment Email Copy Method","Send Shipment Email Copy Method"
"Send Shipment Email Copy To","Send Shipment Email Copy To"
"Send Tracking Information","Send Tracking Information"
"Send shipment info","Send shipment info"
"Set order for existing transactions not allowed","Set order for existing transactions not allowed"
"Ship","Verzend"
"Ship To","Leveringsadres"
"Ship to Name","Verzend Aan Naam"
"Ship to:","Leveringsadres:"
"Shipment","Verzending"
"Shipment #","Verzending #"
"Shipment #%1$s | %3$s (%2$s)","Verzending #%1$s | %3$s (%2$s)"
"Shipment #%s","Verzending #%s"
"Shipment Comment Email Sender","Shipment Comment Email Sender"
"Shipment Comment Email Template","Shipment Comment Email Template"
"Shipment Comment Email Template for Guest","Shipment Comment Email Template for Guest"
"Shipment Comments","Verzending Opmerkingen"
"Shipment Email Sender","Shipment Email Sender"
"Shipment Email Template","Shipment Email Template"
"Shipment Email Template for Guest","Shipment Email Template for Guest"
"Shipment Update","Verzending Update"
"Shipment Update for Guest","Shipment Update for Guest"
"Shipments","Verzendingen"
"Shipped","Verzonden"
"Shipped By","Verzonden door"
"Shipping","Verzending"
"Shipping & Handling","Verzending"
"Shipping &amp; Handling","Verzending"
"Shipping &amp; Handling Information","Verzend Informatie"
"Shipping Address","Leveringsadres"
"Shipping Amount","Verzend Bedrag"
"Shipping Information","Verzend Informatie"
"Shipping Method","Verzendwijze"
"Shipping Method:","Verzendwijze:"
"Shipping Refund","Verzending Refund"
"Shipping and Tracking Information","Verzending Tracking Informatie"
"Shopping Cart","Winkelmand"
"Show Packages","Toon Pakketten"
"Signature Confirmation","Signature Confirmation"
"Signed Up From","Signed Up From"
"Size","Maat"
"Sku","Prdcode"
"Sold to:","Factuuradres:"
"Some item options or their combination are not currently available.","Bepaalde items of combinaties zijn momenteel niet beschikbaar."
"Some of the products below do not have all the required options.","Bepaalde producten hebben niet alle verplichte opties."
"Some of the selected options are not currently available.","Bepaalde selecties zijn momenteel niet beschikbaar."
"Sorry, no quotes are available for this order at this time.","Sorry, no quotes are available for this order at this time."
"Source object is not specified.","Source object is not specified."
"Specified profile does not exist.","Specified profile does not exist."
"State Code [State Title]","State Code [State Title]"
"State/Province","State/Province"
"Status","Status"
"Status Code","Status Code"
"Status Label","Status Label"
"Status:","Status:"
"Store","Winkel"
"Store Credit","Store Credit"
"Store View Specific Labels","Store View Specific Labels"
"Street Address","Straat"
"Submit Comment","Voeg opmerking toe"
"Submit Credit Memo","Submit Credit Memo"
"Submit Invoice","Submit Invoice"
"Submit Invoice and Shipment","Submit Invoice and Shipment"
"Submit Order","Plaats Bestelling"
"Submit Shipment","Submit Shipment"
"Subscribe to Newsletter","Subscribe to Newsletter"
"Subscribe to Order Status","Subscribe to Order Status"
"Subtotal","Subtotaal"
"Subtotal after discount.","Subtotaal na korting."
"Subtotal:","Subtotaal:"
"Suspected Fraud","Suspected Fraud"
"Suspend","Suspend"
"Suspended","Suspended"
"Tax","BTW"
"Tax Amount","Btw Bedrag"
"Tax Percent","Btw Percentage"
"Telephone","Telefoon"
"Thank you for trusting ","We danken je voor het vertrouwen in "
"The price of your rental article has been set to 0, you will pay for this article within 10 days after receiving the monthly invoice.","De prijs van je verhuurartikel werd op 0 gezet, je betaalt deze binnen de 10 dagen na ontvangst maandelijkse factuur."
"The price of your article has been set to 0, you will receive the invoice directly from the supplier.","De prijs van je artikel werd op 0 gezet, je ontvangt de factuur voor dit artikel rechtstreeks van de leverancier."
"The Order State ""%s"" must not be set manually.","The Order State ""%s"" must not be set manually."
"The address total model should be extended from Mage_Sales_Model_Quote_Address_Total_Abstract.","The address total model should be extended from Mage_Sales_Model_Quote_Address_Total_Abstract."
"The billing agreement ""%s"" has been canceled.","The billing agreement ""%s"" has been canceled."
"The billing agreement ""%s"" has been created.","The billing agreement ""%s"" has been created."
"The coupon code has been accepted.","The coupon code has been accepted."
"The message has been sent.","De boodschap is verzonden."
"The message was sent.","De boodschap werd verzonden."
"The order address has been updated.","Het besteladres werd aangepast."
"The order email has been sent.","The order email has been sent."
"The order has been cancelled.","Deze bestelling werd geannuleerd."
"The order has been created.","Deze bestelling werd aangemaakt."
"The order has been put on hold.","The order has been put on hold."
"The order has been released from holding status.","The order has been released from holding status."
"The order has not been cancelled.","The order has not been cancelled."
"The order status has been assigned.","The order status has been assigned."
"The order status has been saved.","The order status has been saved."
"The order status has been unassigned.","The order status has been unassigned."
"The order was not put on hold.","The order was not put on hold."
"The order was not unheld.","The order was not unheld."
"The order was placed using %s","De bestelling werd geplaatst in %s"
"The order(s) cannot be canceled","The order(s) cannot be canceled"
"The payment has been accepted.","The payment has been accepted."
"The payment has been denied.","The payment has been denied."
"The payment has been voided.","The payment has been voided."
"The profile has been updated.","The profile has been updated."
"The profile has no changes.","The profile has no changes."
"The profile state has been updated.","The profile state has been updated."
"The quantity you want to add exceeds the total shipped quantity for some of selected Product(s)","The quantity you want to add exceeds the total shipped quantity for some of selected Product(s)"
"The requested Payment Method is not available.","The requested Payment Method is not available."
"The shipping label has been created.","The shipping label has been created."
"The transaction ""%s"" (%s) is already closed.","The transaction ""%s"" (%s) is already closed."
"The transaction ""%s"" cannot be captured yet.","The transaction ""%s"" cannot be captured yet."
"The requested quantity for ""%s"" is not available.","De gevraagde hoeveelheid voor ""%s"" is niet beschikbaar."
"The value that you entered is not valid.","De ingevoerde waarde is ongeldig."
"There are no billing agreements yet.","There are no billing agreements yet."
"There are no printable documents related to selected orders.","There are no printable documents related to selected orders."
"There are no shipping labels related to selected orders.","There are no shipping labels related to selected orders."
"There are no shipping labels related to selected shipments.","There are no shipping labels related to selected shipments."
"There is no need to approve this payment.","There is no need to approve this payment."
"There is no need to deny this payment.","There is no need to deny this payment."
"There is no update for the payment.","There is no update for the payment."
"This message will be shown in shopping cart when subtotal after discount less than minimum amount.","This message will be shown in shopping cart when subtotal after discount less than minimum amount."
"This operation requires an existing transaction object.","This operation requires an existing transaction object."
"This order contains (%s) items and therefore cannot be edited through the admin interface at this time, if you wish to continue editing the (%s) items will be removed, the order will be canceled and a new order will be placed.","This order contains (%s) items and therefore cannot be edited through the admin interface at this time, if you wish to continue editing the (%s) items will be removed, the order will be canceled and a new order will be placed."
"This order no longer exists.","Deze bestelling bestaan niet langer."
"This product does not have any configurable options","This product does not have any configurable options"
"This profile state cannot be changed to ""%s"".","This profile state cannot be changed to ""%s""."
"This will create an offline refund. To create an online refund, open an invoice and create credit memo for it. Do you wish to proceed?","This will create an offline refund. To create an online refund, open an invoice and create credit memo for it. Do you wish to proceed?"
"This article will be shipped directly from the supplier.","Dit artikel wordt rechtstreeks door de leverancier bezorgd."
"Tier Pricing","Tier Pricing"
"Title","Titel"
"To","Tot"
"To Name","Aan Naam"
"To:","Tot:"
"Total","Totaal"
"Total %d product(s)","Totaal %d product(en)"
"Total %d records found","Totaal %d rij(en) gevonden."
"Total (ex)","Totaal (ex)"
"Total (inc)","Totaal (inc)"
"Total Due","Totaal Te Betalen"
"Total Invoiced","Totaal Gefactureerd"
"Total Invoiced Paid","Totaal Gefactureerd Betaald"
"Total Invoiced VS Paid Report","Total Invoiced VS Paid Report"
"Total Invoiced not Paid","Totaal Gefactureerd Onbetaald"
"Total Ordered Report","Total Ordered Report"
"Total Paid","Totaal Betaald"
"Total Qty","Totaal Aantal"
"Total Refund","Totaal Refund"
"Total Refunded","Totaal Refunded"
"Total Refunded Report","Totaal Refunded Report"
"Total Sales Shipping","Totaal Sales Shipping"
"Total Shipped Report","Totaal Shipped Report"
"Total Shipping","Totaal Verzonden"
"Total Shipping Charges","Totaal Transportkost"
"Total Tax","Totaal Btw"
"Total Weight","Totaal Gewicht"
"Total model should be extended from Mage_Sales_Model_Order_Total_Abstract.","Total model should be extended from Mage_Sales_Model_Order_Total_Abstract."
"Track Order","Track Order"
"Track all shipment(s)","Track all shipment(s)"
"Track all shipments","Track all shipments"
"Track this shipment","Track this shipment"
"Track your order","Traceer je bestelling"
"Tracking","Tracking"
"Tracking Number","Tracking nr."
"Tracking Number(s):","Tracking Nr(s):"
"Transaction ""%s"" was already processed.","Transaction ""%s"" was already processed."
"Transaction # %s | %s","Transaction # %s | %s"
"Transaction ID","Transaction ID"
"Transaction ID must not be empty.","Transaction ID must not be empty."
"Transaction ID: ""%s"".","Transaction ID: ""%s""."
"Transaction Type","Transaction Type"
"Transactions","Transactions"
"Trial ","Trial "
"Trial Payment","Trial Payment"
"Trial Period","Trial Period"
"Trial period payment","Trial period payment"
"Type","Type"
"Unassign","Unassign"
"Unhold","Unhold"
"Unhold action is not available.","Unhold action is not available."
"Unhold order","Unhold order"
"Unknown State","Onbekende Status"
"Unknown Status","Onbekende Status"
"Unsupported transaction type ""%s"".","Unsupported transaction type ""%s""."
"Update Changes","Update Changes"
"Update Items and Qty\'s","Update Items and Qty\'s"
"Update Qty\'s","Pas N\'s aan"
"Updated At","Aangepast op"
"Updated:","Aangepast:"
"Use Aggregated Data (beta)","Use Aggregated Data (beta)"
"Use Order Status As Default","Use Order Status As Default"
"Validate Each Address Separately in Multi-address Checkout","Validate Each Address Separately in Multi-address Checkout"
"Value","Waarde"
"View","Bekijk"
"View Another Order","Bekijk andere bestelling"
"View and track orders and more","Bestellingen opvolgen"
"View Order","Bekijk Bestelling"
"View ""%s"" per page","Bekijk ""%s"" per pagina"
"View %s per page","Bekijk %s per pagina"
"Visible on Frontend","Zichtbaar voor klanten"
"Void","Void"
"Void invoice","Void invoice"
"Voided authorization.","Voided authorization."
"Website","Website"
"Weight","Gewicht"
"Whether buyer can define the date when billing for the profile begins.","Whether buyer can define the date when billing for the profile begins."
"Width","Breedte"
"Wishlist","Wenslijst"
"Wrong billing agreement ID specified.","Wrong billing agreement ID specified."
"Wrong quote item id to update configuration.","Wrong quote item id to update configuration."
"Wrong state: ""%s"".","Wrong state: ""%s""."
"Who told you about us","Waar hoorde u van ons"
"Yes","Ja"
"You can leave a box blank if you don\'t wish to add a gift message for whole order","You can leave a box blank if you don\'t wish to add a gift message for whole order"
"You don\'t have permissions to manage this order because of one or more products are not permitted for your website.","You don\'t have permissions to manage this order because of one or more products are not permitted for your website."
"You have placed no orders.","U plaatste nog geen bestelling."
"You will be redirected to the payment system website.","You will be redirected to the payment system website."
"Your credit card will be charged for","Your credit card will be charged for"
"ZIP Code","Postcode"
"ZIP/Post Code","Postcode"
"Zip/Postal Code","Postscode"
"cm","cm"
"in","in"
"kg","kg"
"lb","lb"
"the credit memo email is not sent","the credit memo email is not sent"
"the credit memo email was sent","the credit memo email was sent"
"the invoice email is not sent","the invoice email is not sent"
"the invoice email was sent","the invoice email was sent"
"the order confirmation email is not sent","Bevestigingsmail van bestelling niet verzonden"
"the order confirmation email was sent","Bevestigingsmail van bestelling verzonden"
"the shipment email is not sent","the shipment email is not sent"
"the shipment email was sent","the shipment email was sent"
"Comment for Zorgpunt:","Opmerking aan Zorgpunt"
"Seller:","Verkoper:"
"No comment provided","Er werd geen opmerking geplaatst."
"Sale","Verkoop"
"Open rental","Lopende huur"
"Closed rental: ","Einde huur: "
"Credit Memo Date: ","Datum Credit Memo: "
"SubTotal Excl. Tax","Subtot. excl Btw"
"SubTotal (Excl. Tax):","Subtotaal (Excl. Btw):"
"BirthDate Patient:","Geboortedatum patiënt: "
"Combo not allowed.","Dit product mag niet gecombineerd worden met andere items. Gelieve je mandje leeg te maken en het opnieuw toe te voegen."
"Unique item added, please proceed to checkout.","Dit product mag niet gecombineerd worden met andere items. Gelieve door te gaan naar de kassa."
"Combo with unique not allowed.","Je mandje bevat een artikel dat niet kan gecombineerd worden met andere."